类别,年度,年度总结,指标,详情,1月,2月,3月,4月,5月,6月,7月,8月,9月,10月,11月,12月
制度文件,2026年,/,计划,计划,"目标：制度较2025年全面，100%满足保卫五防及保密工作需要
内容：半年度审核1次当前现有制度符合性、可用性，审核确认当前缺失制度，并开展编写修订等工作；
节点：5月、11月
输出/更新：《文件&记录清单》

内容：每季度对1个文件开展重点内容宣传，通过课程/图片/导图等方式摘取重点
节点：季度次月（2月、5月、8月、11月）
输出：制度的重点内容课程/图片/导图",,,,,,,,,,,
制度文件,2026年,,制度数量,制度数量,0,0,0,0,,,,,,,,
制度文件,2026年,,"具体名称-
版本号","具体名称-
版本号",/,/,/,/,11份保密相关制度梳理，均需修订部分内容,计划：修订6份制度（含商业秘密举报管理规定）,,,,,,
制度文件,2025年,发布/更新制度5份,制度数量,制度数量,2,/,/,/,/,2,/,/,1,/,/,/
制度文件,2025年,,"具体名称-
版本号","具体名称-
版本号",《关键部件保密管理程序》A、《研发网络管理程序》A、,/,/,/,/,《安检岗点管理程序》A、《视频监控系统管理规定》B,/,/,《保密管理规定》F,/,/,/
制度文件,2024年,发布/更新制度7份,制度数量,制度数量,/,/,/,/,/,1,/,2,1,/,3,/
制度文件,2024年,,"具体名称-
版本号","具体名称-
版本号",/,/,/,/,/,《异常事件上报管理规定》A,/,发布：《商业秘密举报管理规定》C、《安防体系管理程序》A,《跨境出差安全风险管控制度》B,/,《CLS保卫保密管理规定》A、《物理环境安全管理程序》G、《关键信息管理程序》A,/
培训数据,2026年,/,计划,计划,"目标：年度保密意识培训100%覆盖全员，保密抽查中合格率＞90%（集团范围内抽查100-500人）
内容：依据【反诈-防泄密-正道经营-五防&CLS】的顺序每季度主要开展1类培训，“防泄密”内容贯穿融汇在其他三种课程类型中
节点：每季度首月（1月、4月、7月、10月）
输出：依据课件制作课程，季度内由保卫BP向部门内部全员培训宣传，年度开展1次保密知识抽查（集团保卫部组织1次，各部门可自行开展多次）",,,,,,,,,,,
培训数据,2026年,,新员工（人数）,新员工（人数）,59,40,328,142,,,,,,,,
培训数据,2026年,,专项（场次）,专项（场次）,0,0,1,3,,,,,,,,
培训数据,2026年,,专项内容,专项内容,/,/,"3月25日《反诈宣讲》3916人；
3月26日复训内容发至全员。","4月7日 16人领航计划-匈牙利海外保密及安全培训；
4月28日 创新初阶班311人保密意识培训；
4月30日 DB基础工程18人-匈牙利海外保密及安全培训。",/,GA保密培训,,,,,,
培训数据,2025年,"截止至12月：
新员工：1649人
专项：15场（2781人次）",新员工（人数）,新员工（人数）,15,110,142,129,137,125,308,137,299,141,51,55
培训数据,2025年,,专项（场次）,专项（场次）,0,2,1,1,2,2,2,1,2,1,1,0
培训数据,2025年,,专项内容,专项内容,/,"《保密意识》：5BU+9BU(381人)；
《海外保密&安全风险防范培训》（法国）：CLS4项目人员(59人)",《海外保密&安全风险防范课件（德国篇）》：VIM出差人员(20人),《正道经营-廉洁诚信》：红旗办、工商储业务中心(102人),"《保密意识培训-专项》：领航计划项目（匈牙利）(98人)
《正道经营-廉洁诚信》：电池系统研究院(154人)",《保密意识培训》：1BU(335人)；2BU(438人),"《正道经营》：校招大学生；(270人)
《保密意识培训》：8BU(273人)",《CLSBG业务信息安全及保密意识培训》(98人),"《正道经营》：集能(227人)
《海外保密&安全风险防范培训—法国》：CLS4人员(111人)",《正道经营》法治教育：2BU(180人),《正道职场》：商用车电池产品线(35人),/
培训数据,2024年,专项：19场（5232人次）,专项,专项,/,/,/,/,/,/,/,7,6,5,0,1
培训数据,2024年,,具体内容,具体内容,/,/,/,/,/,/,/,"《研发专项保密意识培训》
储能研究院 282人
锂电池研究院 105人
中央研究院 91人
氢能研究院 89人
锂离子电池研究院 162人
电池系统研究院 1044人
动力电池研究院 773人","海外CLS保密培训：36人
仿真云平台-研发系统保密意识培训：4人
海外CLS保密培训：8人
保密意识培训：500人（10BU 海外发展）
保密意识培训：245人
CLS保密培训-瑞典：17人","保密意识培训-营销：295人
保密意识培训-职能：505人
保密意识培训-储能营销：460人
保密意识培训-总部IT：116人
CLS保密培训-法国：11人",/,保密意识培训：489（安环、供应链、质量）
课程课件开发/修订/制作,2026年,/,计划,计划,"目标：符合最新保密/专题要求，满足课程制作及培训需要
内容：依据【反诈-防泄密-正道经营-五防&CLS】的顺序每季度主要制作/修订1类课程及课件，课程课件中均需含有保密相关的内容
节点：每季度首月（1月、4月、7月、10月）
输出：输出培训课件、测试题库，发至保卫BP共享",,,,,,,,,,,
课程课件开发/修订/制作,2026年,,数量,数量,0,0,2,2,0,,,,,,,
课程课件开发/修订/制作,2026年,,情况,情况,/,/,"更新《正道职场-初级》；
仲恺公安分局：防范电信网络诈骗","编写《海外保密-匈牙利》并授课
更新《研发保密》并授课",/,,,,,,,
课程课件开发/修订/制作,2025年,开发4份课件，迭代5份课件，制作4个视频课程并上传,数量,数量,0,0,1,0,0,0,0,1,3,6,2,0
课程课件开发/修订/制作,2025年,,情况,情况,/,/,开发：海外保密&安全风险防范-德国,/,/,/,/,迭代：CLS保密制度培训,迭代：海外保密&安全风险防范-法国； 《正道职场-廉洁诚信》；《EVE-保密意识分享》,"视频课：海外保密&安全风险防范-法国；CLS保密制度培训；《正道职场-廉洁诚信》；《EVE-保密意识分享》
开发：《正道职场-法治教育》；
开发：海外安全风险防范-马来西亚","迭代：《正道职场-廉洁诚信》（商用车采购）；
开发：项目行为管理规范（视频课）",/
课程课件开发/修订/制作,2024年,开发5份课件，迭代1份课件（含2个课程）,数量,数量,0,0,0,0,0,0,0,2,3,1,0,0
课程课件开发/修订/制作,2024年,,情况,情况,/,/,/,/,/,/,/,"研发系统保密意识培训
营销系统保密意识培训","开发：海外保密&安全风险防范-美国
开发：海外保密&安全风险防范-瑞典
迭代：入职培训课件",开发：海外保密&安全风险防范-法国,/,/
保密协议,2026年,/,计划,计划,"目标：保密协议符合法务要求，划定需签署人员100%完成签署
内容：整合所有保密协议（电子签及纸质签），与法务共同梳理协议内容，将保密协议电子签更换为最新确认版
节点：4月
输出：线上电子签更换为新版协议内容（板式变化，内容变化），依据新组织架构确认保密协议签署岗位后，对未签署人员发放协议并跟踪签署回收。",,,,,,,,,,,
保密协议,2026年,/,研发,研发,91,0,0,41,,,,,,,,
保密协议,2026年,,海外&项目,海外&项目,9,4,1,5,,,,,,,,
保密协议,2026年,,其他,其他,"14日三份协议更新后发至法务审核完毕；
15日新实习和退休协议上线EHR",/,/,查了保密协议的签署情况，发现给研发人员发了非研发的合同（少发研发专项保密协议），核查发现错误率达12.86%，已完成补签。后续将优化系统至自动识别人员职类，规避人为选择的错误。,优化项待办中，需IT支持,,,,,,,
保密协议,2025年,/,研发,研发,,,,,,,,,,,,
保密协议,2025年,,海外&项目,海外&项目,,,,,,,,,,,,
保密协议,2025年,,其他,其他,,,,,,,,,,,,
保密协议,2024年,/,研发,研发,/,/,/,/,/,/,/,,,,,
保密协议,2024年,,海外,海外,/,/,/,/,/,/,/,,,,,
保密协议,2024年,,其他,其他,/,/,/,/,/,/,/,,,,,
宣传工作,2026年,/,计划,计划,"目标：保密（及专项）知识触及每一位亿纬人
内容：依据【反诈-防泄密-正道经营-五防&CLS】的顺序每季度主要开展1类宣传，通过线上线下文化墙、展示图、活动及竞赛等方式与保卫BP联合开展
节点：季度次月（2月、5月、8月、11月）
输出：宣传内容及覆盖区域",,,,,,,,,,,
宣传工作,2026年,,数量,数量,1,2,1,4,2,,,,,,,
宣传工作,2026年,,情况,情况,15日-企微通知公告发布【反诈“黑话”】海报,10日-涉刑案件通报；12日-节前保密自检,反诈宣传标语粘贴至（AB）厂区宿舍,"2日厂区标语及展板展示（3处）；
9日、28日、30日各开展专项培训1场：海外保密*2、研发保密1；
15日闸机图示/企微图示【415全民国家安全教育日】、【保密宣传月】；
22日、29日发布喜报、《保密大挑战 快来看看怎么选》、《小心间谍打造的“发票陷阱”》。","6日发布《筑牢保密防线 从管好每一份载体开始》
13日发布《保密无小事 线索即防线》
保密标语推广…
保密答题活动…","①确认“举报有奖”开展形式并宣发，更新《商业秘密保密管理规定》并发布。
②《2026年保密知识推广》方案确认并逐步开展推广。",,,,,,
宣传工作,2025年,,数量,数量,,,,,,,,,,,,
宣传工作,2025年,,情况,情况,,,,完成电脑桌面更新增加“泄露商业秘密触犯刑法”，线下将对各个厂区内部铺设保卫保密横幅宣传；每周二开展保密线上宣传，当前已在餐厅开展，计划通过安全播放器推广至更大范围的休息区域、门禁区域宣导。,,,,,,,,
